[{"main-sidebar":["archives-3","categories-2","my_postwidget-7"],"footer-sidebar-1":["text-6"],"footer-sidebar-2":["text-7"],"footer-sidebar-3":["text-8"],"footer-sidebar-4":["text-9"]},{"archives":{"3":{"title":"Archives","count":0,"dropdown":0},"_multiwidget":1},"categories":{"2":{"title":"Categories","count":0,"hierarchical":0,"dropdown":0},"_multiwidget":1},"my_postwidget":{"7":{"title":"Recent posts","category":"","post_format":"post-format-standard","sort_by":"date","count":"3","excerpt_count":"10","linktext":"","linkurl":""},"_multiwidget":1},"text":{"6":{"title":"","text":"<ul>\r\n<li><a href=\"#\">About us<\/a><\/li>\r\n<li><a href=\"#\">Work team<\/a><\/li>\r\n<li><a href=\"#\">What we do<\/a><\/li>\r\n<li><a href=\"#\">Clients<\/a><\/li>\r\n<li><a href=\"#\">Management<\/a><\/li>\r\n<\/ul>","filter":false},"7":{"title":"","text":"<ul>\r\n<li><a href=\"#\">Market research<\/a><\/li>\r\n<li><a href=\"#\">Online support<\/a><\/li>\r\n<li><a href=\"#\">Financial services<\/a><\/li>\r\n<li><a href=\"#\">Business help<\/a><\/li>\r\n<li><a href=\"#\">Premises<\/a><\/li>\r\n<\/ul>","filter":false},"8":{"title":"","text":"<ul>\r\n<li><a href=\"#\">Strategies<\/a><\/li>\r\n<li><a href=\"#\">Recent issues<\/a><\/li>\r\n<li><a href=\"#\">FAQ<\/a><\/li>\r\n<li><a href=\"#\">Solutions<\/a><\/li>\r\n<li><a href=\"#\">Contacts<\/a><\/li>\r\n<\/ul>","filter":false},"9":{"title":"","text":"<a href=\"#\"><img src=\"[template_url]\/wp-content\/uploads\/2013\/12\/client_1.jpg\"><\/a>\r\n<a href=\"#\"><img src=\"[template_url]\/wp-content\/uploads\/2013\/12\/client_2.jpg\"><\/a>\r\n<a href=\"#\"><img src=\"[template_url]\/wp-content\/uploads\/2013\/12\/client_3.jpg\"><\/a>\r\n<a href=\"#\"><img src=\"[template_url]\/wp-content\/uploads\/2013\/12\/client_4.jpg\"><\/a>\r\n<a href=\"#\"><img src=\"[template_url]\/wp-content\/uploads\/2013\/12\/client_5.jpg\"><\/a>","filter":false},"_multiwidget":1}},{"widget_rules_type":[{"text-6":"all","text-7":"all","text-8":"all","text-9":"all","archives-3":"all","categories-2":"all"}],"widget_rules":[{"text-6":"","text-7":"","text-8":"","text-9":"","archives-3":"","categories-2":""}],"widget_custom_class":[{"text-6":"list arrow-list","text-7":"list arrow-list","text-8":"list arrow-list","text-9":"clients","archives-3":"","categories-2":""}],"widget_responsive":[{"text-6":"visible-all-devices","text-7":"visible-all-devices","text-8":"visible-all-devices","text-9":"visible-all-devices","archives-3":"visible-all-devices","categories-2":"visible-all-devices"}],"widget_users":[{"text-6":"all","text-7":"all","text-8":"all","text-9":"all","archives-3":"all","categories-2":"all"}]}]